{
    "loss": 8.874919891357422,
    "accuracy": 0.5467625856399536
}