{
    "loss": 1.4552017450332642,
    "accuracy": 0.935251772403717
}